Slno,State,Entity name,GST No,FC Data,FC Name,FC Seller Address 1,FC Seller Address 1.1,Seller Pin code,Location Status,HUB/FC,Hub Name,Name,Fssai,Address,HUB Buyers Address 1,HUB Buyers Address 1.1,HUB Buyers Pin code
1,Bihar,AMOLAKCHAND ANKUR KOTHARI ENTERPRISES PRIVATE LIMITED,10AAPCA1708D1ZB,FC,FC-Patna,"Tauzi No. - 5225/14851, Survey No -1, Plot No. 32/1690, C/o Shree Shankar Swawlambi Cold Storage","96/1691, 95/1692, Mauza Lakhani Bigha, Pargana, Phulwari, Thana Danapur, PO Khagaul, Patna, Patna, Bihar",801105,Active,HUB,BH_PTN_DDJ, Didarganj,1.04E+13,"Khata no.157 & 227 (part) and Khasra noc.Parts of 517 & 600, at Adbul Rehman Pur Katra Bazar Next to Dina Iron Factory Thana Mal Salami Police Station Didarganj, Patna, Patna,Bihar, 800008",Khata no.157 & 227 (part) and Khasra noc.Parts of 517 & 600,"at Adbul Rehman Pur Katra Bazar Next to Dina Iron Factory Thana Mal Salami Police Station Didarganj, Patna, Patna,Bihar",800008
2,Bihar,AMOLAKCHAND ANKUR KOTHARI ENTERPRISES PRIVATE LIMITED,10AAPCA1708D1ZB,FC,FC-Patna,"Tauzi No. - 5225/14851, Survey No -1, Plot No. 32/1690, C/o Shree Shankar Swawlambi Cold Storage","96/1691, 95/1692, Mauza Lakhani Bigha, Pargana, Phulwari, Thana Danapur, PO Khagaul, Patna, Patna, Bihar",801105,Active,HUB,3P_PTN_SMP,Samastipur,1.04E+13,"Jitwarpur Hasanpur,ÊNijamat Prem Agency near Kumhaartoli, Near Kdps school, Samastipur, Patna, Bihar,  848134","Jitwarpur Hasanpur,ÊNijamat Prem Agency near Kumhaartoli","Near Kdps school, Samastipur, Patna, Bihar",848134
3,Jharkhand,AMOLAKCHAND ANKUR KOTHARI ENTERPRISES PRIVATE LIMITED,20AAPCA1708D1ZA,FC,FC-Ranchi,"KK Breweries Pvt Ltd, Tatisilawai Industrial Area, Phase II","Tatisilawai, Ranchi,835103, Jharkhand",835103,Active,HUB,JH_JSD_BLP,Jamshedpur,1.11E+13,"OWM Logistics, Situated at Mouza Bhilaipahari, P.S.M.G.M Muffasil, Thana No 1146,Recorded under, Survey Khata No 44, Plot No 13, Jharkhand, Jamshedpur, East Singhbhum,Jharkhand, 831012","OWM Logistics, Situated at Mouza Bhilaipahari, P.S.M.G.M Muffasil, Thana No 1146","Recorded under, Survey Khata No 44, Plot No 13, Jharkhand, Jamshedpur, East Singhbhum,831012, Jharkhand",831012
4,UP,AMOLAKCHAND ANKUR KOTHARI ENTERPRISES PRIVATE LIMITED,09AAPCA1708D1ZU,FC,FC-Lucknow,"Khasra No. 3119, GindanKhera, Amausi Station Road, Nadarganj Industrial Area",", Lucknow, 226008, Uttar Pradesh",226008,Active,HUB,LKO_SDG,Lucknow,1.27E+13,"Shop No.04 05, 634, Shia Colony Road, Alamnagar, Lucknow, Lucknow, Uttar Pradesh,226017","Shop No.04 05, 634, Shia Colony Road, Alamnagar"," Lucknow, Lucknow, Uttar Pradesh",226017
5,UP,AMOLAKCHAND ANKUR KOTHARI ENTERPRISES PRIVATE LIMITED,09AAPCA1708D1ZU,FC,FC-Lucknow,"Khasra No. 3119, GindanKhera, Amausi Station Road, Nadarganj Industrial Area",", Lucknow, 226008, Uttar Pradesh",226008,Active,HUB,LKO_KNP,Kanpur,1.27E+13,"Part of Premises No.A/5A Panki Industrial Area 4th Built, Over Plot N0.5A Blk-A Scheme No.40 Panki, Kanpur, Kanpur Nagar, Uttar Pradesh, 208020",Part of Premises No.A/5A Panki Industrial Area 4th Built,"Over Plot N0.5A Blk-A Scheme No.40 Panki, Kanpur, Kanpur Nagar, Uttar Pradesh",208020
6,Telangana,AMOLAKCHAND ANKUR KOTHARI ENTERPRISES PRIVATE LIMITED,36AAPCA1708D1ZX,FC,FC-Hyderabad,"Survey No 720 721, Deveryamzal, Dist - Medchal, Mandal","Shameerpet, Hyderabad, Medchal Malkajgiri, Telangana",500078,Active,HUB,HYD_SAN,Santosh Nagar,1.36E+13,"Sy. No. 66,72, Door No 5-340/2, Sudhakar Reddy Gardens, Jillelguda Village, Balapur Mandal, Hyderabad, Rangareddy, Telangana, 500097","Sy. No. 66,72, Door No 5-340/2, Sudhakar Reddy Gardens","Jillelguda Village, Balapur Mandal, Hyderabad, Rangareddy, Telangana",500097
7,Telangana,AMOLAKCHAND ANKUR KOTHARI ENTERPRISES PRIVATE LIMITED,36AAPCA1708D1ZX,FC,FC-Hyderabad,"Survey No 720 721, Deveryamzal, Dist - Medchal, Mandal","Shameerpet, Hyderabad, Medchal Malkajgiri, Telangana",500078,Active,HUB,HYD_NCH,Nacharam,1.36E+13,"Sy. No.32/1, Plot No.1, 8-142, Road No.1, IDA, Nacharam Village, Uppal Municipality, Hyderabad, Medchal Malkajgiri, Telangana, 500076","Sy. No.32/1, Plot No.1, 8-142, Road No.1, IDA, Nacharam Village","Uppal Municipality, Hyderabad, Medchal Malkajgiri, Telangana",500076
8,Telangana,AMOLAKCHAND ANKUR KOTHARI ENTERPRISES PRIVATE LIMITED,36AAPCA1708D1ZX,FC,FC-Hyderabad,"Survey No 720 721, Deveryamzal, Dist - Medchal, Mandal","Shameerpet, Hyderabad, Medchal Malkajgiri, Telangana",500078,Active,HUB,HYD_BAL,Gandhi Nagar,1.36E+13,"Plot No.35 of the Co-Operative Industrial Estate Ltd, Gandhinagar Balanagar Hyderabad, Hyderabad, Hyderabad, Telangana, 500037",Plot No.35 of the Co-Operative Industrial Estate Ltd,"Gandhinagar Balanagar Hyderabad, Hyderabad, Hyderabad, Telangana",500037
9,MH,BODEGA RETAIL PRIVATE LIMITED,27AAHCB1357R1Z5,FC,FC-Pune,"Gate No 184/179, Lonikand-Theur Bypass Road","Lonikand, Pune, Maharashtra",412216,Active,HUB,PUN_TLW,Chinchwad,1.15E+13,"Gat No. 163, Talawade Road,Talawade, Haveli, Pune, Pimpri Chinchwad, Pune, Maharashtra, 411062","Gat No. 163, Talawade Road,Talawade, Haveli, Pune","Pimpri Chinchwad, Pune, Maharashtra",411062
10,MH,BODEGA RETAIL PRIVATE LIMITED,27AAHCB1357R1Z5,FC,FC-Pune,"Gate No 184/179, Lonikand-Theur Bypass Road","Lonikand, Pune, Maharashtra",412216,Active,HUB,PUN_PSL,Haveli,1.15E+13,"Survey No.27, Hissa No 9/1B/2, Village Kondhawa Budruk, Taluka Haveli, Pune, Pune, Maharashtra, 411048","Survey No.27, Hissa No 9/1B/2, Village Kondhawa Budruk","Taluka Haveli, Pune, Pune, Maharashtra",411048
11,Telangana,BODEGA RETAIL PRIVATE LIMITED,36AAHCB1357R1Z6,FC,FC-Hyderabad,"Survey No 720 721, Deveryamzal, Dist - Medchal, Mandal","Shameerpet, Hyderabad, Medchal Malkajgiri, Telangana",500078,Active,HUB,HYD_SAN,Santosh Nagar,1.36E+13,"Sy. No. 66,72, Door No 5-340/2, Sudhakar Reddy Gardens, Jillelguda Village, Balapur Mandal, Hyderabad, Rangareddy, Telangana, 500097","Sy. No. 66,72, Door No 5-340/2, Sudhakar Reddy Gardens","Jillelguda Village, Balapur Mandal, Hyderabad, Rangareddy, Telangana",500097
12,Telangana,BODEGA RETAIL PRIVATE LIMITED,36AAHCB1357R1Z6,FC,FC-Hyderabad,"Survey No 720 721, Deveryamzal, Dist - Medchal, Mandal","Shameerpet, Hyderabad, Medchal Malkajgiri, Telangana",500078,Active,HUB,HYD_NCH,Nacharam,1.36E+13,"Sy. No.32/1, Plot No.1, 8-142, Road No.1, IDA, Nacharam Village, Uppal Municipality, Hyderabad, Medchal Malkajgiri, Telangana, 500076","Sy. No.32/1, Plot No.1, 8-142, Road No.1, IDA, Nacharam Village","Uppal Municipality, Hyderabad, Medchal Malkajgiri, Telangana",500076
13,Telangana,BODEGA RETAIL PRIVATE LIMITED,36AAHCB1357R1Z6,FC,FC-Hyderabad,"Survey No 720 721, Deveryamzal, Dist - Medchal, Mandal","Shameerpet, Hyderabad, Medchal Malkajgiri, Telangana",500078,Active,HUB,HYD_BAL,Gandhi Nagar,1.36E+13,"Plot No.35 of the Co-Operative Industrial Estate Ltd, Gandhinagar Balanagar Hyderabad, Hyderabad, Hyderabad, Telangana, 500037",Plot No.35 of the Co-Operative Industrial Estate Ltd,"Gandhinagar Balanagar Hyderabad, Hyderabad, Hyderabad, Telangana",500037
14,Karnataka,SOURCINGBEE PRIVATE LIMITED,29AAWCS7485C1ZJ,FC,FC-Arihant,"Survey.87/1,87/2,88/1,88/2,88/3,89/1,122, FC-Vikrant, Byranhalli","Village Kasaba, Hobli, Nelamangala Taluka, Bengaluru (Bangalore) Rural, Karnataka",562123,Active,HUB,BLR_SUTLEJ,Sutlej,1.12E+13,"Sy. No.32/1, Konappana Agrahara, Electronic City, Bangalore South, Bengaluru - 560100 Karnataka","Sy. No.32/1, Konappana Agrahara","Electronic City, Bangalore South, Bengaluru, Karnataka",560100
15,Karnataka,SOURCINGBEE PRIVATE LIMITED,29AAWCS7485C1ZJ,FC,FC-Arihant,"Survey.87/1,87/2,88/1,88/2,88/3,89/1,122, FC-Vikrant, Byranhalli","Village Kasaba, Hobli, Nelamangala Taluka, Bengaluru (Bangalore) Rural, Karnataka",562123,Active,HUB,BLR_KML,Koramangala,1.12E+13,"350/3, behind Hamsa Service,Hosur Road, Dharmaram College P.O, Bengaluru (Bangalore) Urban, Karnataka, 560029","350/3, behind Hamsa Service,Hosur Road","Dharmaram College P.O, Bengaluru (Bangalore) Urban, Karnataka",560029
16,Karnataka,SOURCINGBEE PRIVATE LIMITED,29AAWCS7485C1ZJ,FC,FC-Arihant,"Survey.87/1,87/2,88/1,88/2,88/3,89/1,122, FC-Vikrant, Byranhalli","Village Kasaba, Hobli, Nelamangala Taluka, Bengaluru (Bangalore) Rural, Karnataka",562123,Active,HUB,BLR_ARIHANT,Arihant,1.12E+13,"Survey.87/1,87/2,88/1,88/2,88/3,89/1,122, Byranhalli,Village Kasaba, Hobli, Nelamangala Taluka, Bengaluru (Bangalore) Rural, Karnataka, 562123","Survey.87/1,87/2,88/1,88/2,88/3,89/1,122, Byranhalli","Village Kasaba, Hobli, Nelamangala Taluka, Bengaluru (Bangalore) Rural, Karnataka",562123
17,Karnataka,SOURCINGBEE PRIVATE LIMITED,29AAWCS7485C1ZJ,FC,FC-Arihant,"Survey.87/1,87/2,88/1,88/2,88/3,89/1,122, FC-Vikrant, Byranhalli","Village Kasaba, Hobli, Nelamangala Taluka, Bengaluru (Bangalore) Rural, Karnataka",562123,Active,HUB,BLR_MRT,Maruthi,1.12E+13,"Sy. No.35, Doddanakundi Industrial Area, 2nd Main Road, Behind Graphite India/IFB Factory, Bengaluru - 560048","Sy. No.35, Doddanakundi Industrial Area, 2nd Main Road","Behind Graphite India/IFB Factory, Bengaluru, Karnataka",560048
18,Karnataka,SOURCINGBEE PRIVATE LIMITED,29AAWCS7485C1ZJ,FC,FC-Arihant,"Survey.87/1,87/2,88/1,88/2,88/3,89/1,122, FC-Vikrant, Byranhalli","Village Kasaba, Hobli, Nelamangala Taluka, Bengaluru (Bangalore) Rural, Karnataka",562123,Active,HUB,BLR_PNY,Peenya,1.12E+13,"Plot No.441, Peenya 4th Phase Industrial Area, Situated in Survey No.88 of Nallakadaranahalli Village, Yeshwanthpura Hobli, Bengaluru North Taluk, Bengaluru District - 560058","Plot No.441, Peenya 4th Phase Industrial Area","Situated in Survey No.88 of Nallakadaranahalli Village, Yeshwanthpura Hobli, Bengaluru North Taluk, Bengaluru District, Karnataka",560058
19,Karnataka,SOURCINGBEE PRIVATE LIMITED,29AAWCS7485C1ZJ,FC,FC-Arihant,"Survey.87/1,87/2,88/1,88/2,88/3,89/1,122, FC-Vikrant, Byranhalli","Village Kasaba, Hobli, Nelamangala Taluka, Bengaluru (Bangalore) Rural, Karnataka",562123,Active,HUB,MYS_AGR,Mysore,1.12E+13,"No 81, Koorgalli Industrial Area, Mysore, Bengaluru (Bangalore) Urban, Karnataka, 570018","No 81, Koorgalli Industrial Area","Mysore, Bengaluru (Bangalore) Urban, Karnataka",570018
20,Karnataka,SOURCINGBEE PRIVATE LIMITED,29AAWCS7485C1ZJ,FC,Sutlej/Gomati,"NO 73,, HAROKYATHANAHALLI VILLAGE","Dasanapura, Bengaluru Urban, Karnataka",562162,Active,HUB,BLR_KSL,Kanakapura,1.12E+13,"145, 100ft Road, BDA BSK 6th Stage Vajarahalli, Bangalore South, Talaghatpura, Bangalore, Bengaluru (Bangalore) Urban, Karnataka, 560062","145, 100ft Road, BDA BSK 6th Stage Vajarahalli","Bangalore South, Talaghatpura, Bangalore, Bengaluru (Bangalore) Urban, Karnataka",560062
21,Karnataka,SOURCINGBEE PRIVATE LIMITED,29AAWCS7485C1ZJ,FC,Sutlej/Gomati,"NO 73,, HAROKYATHANAHALLI VILLAGE","Dasanapura, Bengaluru Urban, Karnataka",562162,Active,HUB,BLR_KDL,Kempegowda,1.12E+13,"Sy. No.32/1, Konappana Agrahara, Electronic City, Bangalore South, Bengaluru - 560100 Karnataka","Sy. No.32/1, Konappana Agrahara","Electronic City, Bangalore South, Bengaluru, Karnataka",560100
22,Karnataka,AMOLAKCHAND ANKUR KOTHARI ENTERPRISES PRIVATE LIMITED,29AAPCA1708D1ZS,FC,FC-Arihant,"Survey.87/1,87/2,88/1,88/2,88/3,89/1,122, FC-Vikrant, Byranhalli","Village Kasaba, Hobli, Nelamangala Taluka, Bengaluru (Bangalore) Rural, Karnataka",562123,Active,HUB,BLR_HNU,Hennur,1.12E+13,"Survey No 34/2, Chokkanahalli Village, Yelahanka Hobli, Bangalore, Bengaluru (Bangalore) Urban, Karnataka, 560064","Survey No 34/2, Chokkanahalli Village","Yelahanka Hobli, Bangalore, Bengaluru (Bangalore) Urban, Karnataka",560064
23,Karnataka,AMOLAKCHAND ANKUR KOTHARI ENTERPRISES PRIVATE LIMITED,29AAPCA1708D1ZS,FC,FC-Arihant,"Survey.87/1,87/2,88/1,88/2,88/3,89/1,122, FC-Vikrant, Byranhalli","Village Kasaba, Hobli, Nelamangala Taluka, Bengaluru (Bangalore) Rural, Karnataka",562123,Active,HUB,HOSUR_HUB,Hosur,1.12E+13,"SY. NO-5/3,Arehalli Village, Attibele Hobli, Anekal Taluk, Bangalore urban, Karnataka, 562107","SY. NO-5/3,Arehalli Village","Attibele Hobli, Anekal Taluk, Bangalore urban, Karnataka",562107
24,Karnataka,BODEGA RETAIL PRIVATE LIMITED,29AAHCB1357R1Z1,FC,FC-Arihant,"Survey.87/1,87/2,88/1,88/2,88/3,89/1,122, FC-Vikrant, Byranhalli","Village Kasaba, Hobli, Nelamangala Taluka, Bengaluru (Bangalore) Rural, Karnataka",562123,Active,HUB,BLR_KDL,Kempegowda-Sutlej,1.12E+13,"Sy. No.32/1, Konappana Agrahara, Electronic City, Bangalore South, Bengaluru - 560100 Karnataka","Sy. No.32/1, Konappana Agrahara","Electronic City, Bangalore South, Bengaluru, Karnataka",560100
25,Telangana,AMOLAKCHAND ANKUR KOTHARI ENTERPRISES PRIVATE LIMITED,36AAPCA1708D1ZX,FC,FC-Hyderabad,"Survey No 720 721, Deveryamzal, Dist - Medchal, Mandal","Shameerpet, Hyderabad, Medchal Malkajgiri, Telangana",500078,Active,HUB,HYD_KMP,Kompally,1.36E+13,"Survey No 720 721, Deveryamzal, Dist - Medchal, Mandal, Shameerpet, Hyderabad, Medchal Malkajgiri, Telangana","Survey No 720 721, Deveryamzal, Dist - Medchal, Mandal","Shameerpet, Hyderabad, Medchal Malkajgiri, Telangana",500078
26,Telangana,BODEGA RETAIL PRIVATE LIMITED,36AAHCB1357R1Z6,FC,FC-Hyderabad,"Survey No 720 721, Deveryamzal, Dist - Medchal, Mandal","Shameerpet, Hyderabad, Medchal Malkajgiri, Telangana",500078,Active,HUB,HYD_KMP,Kompally,1.36E+13,"Survey No 720 721, Deveryamzal, Dist - Medchal, Mandal, Shameerpet, Hyderabad, Medchal Malkajgiri, Telangana","Survey No 720 721, Deveryamzal, Dist - Medchal, Mandal","Shameerpet, Hyderabad, Medchal Malkajgiri, Telangana",500078
27,Telangana,AMOLAKCHAND ANKUR KOTHARI ENTERPRISES PRIVATE LIMITED,36AAPCA1708D1ZX,FC,FC-Hyderabad,"Survey No 720 721, Deveryamzal, Dist - Medchal, Mandal","Shameerpet, Hyderabad, Medchal Malkajgiri, Telangana",500078,Active,HUB,3P_HYD_BVG,Bhuvangiri,1.36E+13," H.No 3-35 (in 1 shutter) Wadaigudem Village, Bhuvangiri Mandal, Yadadri Bhongiri District, Telangana", H.No 3-35 (in 1 shutter) Wadaigudem Village ,"Bhuvangiri Mandal, Yadadri Bhongiri District, Telangana",508115
28,Telangana,BODEGA RETAIL PRIVATE LIMITED,36AAHCB1357R1Z6,FC,FC-Hyderabad,"Survey No 720 721, Deveryamzal, Dist - Medchal, Mandal","Shameerpet, Hyderabad, Medchal Malkajgiri, Telangana",500078,Active,HUB,3P_HYD_BVG,Bhuvangiri,1.36E+13," H.No 3-35 (in 1 shutter) Wadaigudem Village, Bhuvangiri Mandal, Yadadri Bhongiri District, Telangana", H.No 3-35 (in 1 shutter) Wadaigudem Village ,"Bhuvangiri Mandal, Yadadri Bhongiri District, Telangana",508115
29,Telangana,AMOLAKCHAND ANKUR KOTHARI ENTERPRISES PRIVATE LIMITED,36AAPCA1708D1ZX,FC,FC-Hyderabad,"Survey No 720 721, Deveryamzal, Dist - Medchal, Mandal","Shameerpet, Hyderabad, Medchal Malkajgiri, Telangana",500078,Active,HUB,3P_HYD_SGR,Sangareddy,1.36E+13,"Sy no :388/A1, plot 11, HNO 478/24/E/M/1, ODF colony, Sangareddy  				","Sy no :388/A1, plot 11, HNO 478/24/E/M/1	","ODF colony, Sangareddy ",502001
30,Telangana,BODEGA RETAIL PRIVATE LIMITED,36AAHCB1357R1Z6,FC,FC-Hyderabad,"Survey No 720 721, Deveryamzal, Dist - Medchal, Mandal","Shameerpet, Hyderabad, Medchal Malkajgiri, Telangana",500078,Active,HUB,3P_HYD_SGR,Sangareddy,1.36E+13,"Sy no :388/A1, plot 11, HNO 478/24/E/M/1, ODF colony, Sangareddy  				","Sy no :388/A1, plot 11, HNO 478/24/E/M/1 				","ODF colony, Sangareddy ",502001
31,Karnataka,AMOLAKCHAND ANKUR KOTHARI ENTERPRISES PRIVATE LIMITED,29AAPCA1708D1ZS,FC,FC-Arihant,"Survey.87/1,87/2,88/1,88/2,88/3,89/1,122, FC-Vikrant, Byranhalli","Village Kasaba, Hobli, Nelamangala Taluka, Bengaluru (Bangalore) Rural, Karnataka",562123,Active,HUB,HOSUR_HUB,Hosur,1.12E+13,"SY. NO-5/3,Arehalli Village, Attibele Hobli, Anekal Taluk, Bangalore urban, Karnataka, 562107","SY. NO-5/3,Arehalli Village","Attibele Hobli, Anekal Taluk, Bangalore urban, Karnataka",562107
32,Karnataka,AMOLAKCHAND ANKUR KOTHARI ENTERPRISES PRIVATE LIMITED,29AAPCA1708D1ZS,FC,FC-Arihant,"Survey.87/1,87/2,88/1,88/2,88/3,89/1,122, FC-Vikrant, Byranhalli","Village Kasaba, Hobli, Nelamangala Taluka, Bengaluru (Bangalore) Rural, Karnataka",562123,Active,HUB,BLR_KML,Koramangala,1.12E+13,"350/3, behind Hamsa Service,Hosur Road, Dharmaram College P.O, Bengaluru (Bangalore) Urban, Karnataka, 560029","350/3, behind Hamsa Service,Hosur Road","Dharmaram College P.O, Bengaluru (Bangalore) Urban, Karnataka",560029
33,Karnataka,AMOLAKCHAND ANKUR KOTHARI ENTERPRISES PRIVATE LIMITED,29AAPCA1708D1ZS,FC,FC-Arihant,"Survey.87/1,87/2,88/1,88/2,88/3,89/1,122, FC-Vikrant, Byranhalli","Village Kasaba, Hobli, Nelamangala Taluka, Bengaluru (Bangalore) Rural, Karnataka",562123,Active,HUB,BLR_MRT,Maruthi,1.12E+13,"Sy. No.35, Doddanakundi Industrial Area, 2nd Main Road, Behind Graphite India/IFB Factory, Bengaluru - 560048","Sy. No.35, Doddanakundi Industrial Area, 2nd Main Road","Behind Graphite India/IFB Factory, Bengaluru, Karnataka",560048
34,Karnataka,AMOLAKCHAND ANKUR KOTHARI ENTERPRISES PRIVATE LIMITED,29AAPCA1708D1ZS,FC,FC-Arihant,"Survey.87/1,87/2,88/1,88/2,88/3,89/1,122, FC-Vikrant, Byranhalli","Village Kasaba, Hobli, Nelamangala Taluka, Bengaluru (Bangalore) Rural, Karnataka",562123,Active,HUB,BLR_PNY,Peenya,1.12E+13,"Plot No.441, Peenya 4th Phase Industrial Area, Situated in Survey No.88 of Nallakadaranahalli Village, Yeshwanthpura Hobli, Bengaluru North Taluk, Bengaluru District - 560058","Plot No.441, Peenya 4th Phase Industrial Area","Situated in Survey No.88 of Nallakadaranahalli Village, Yeshwanthpura Hobli, Bengaluru North Taluk, Bengaluru District, Karnataka",560058
35,Karnataka,AMOLAKCHAND ANKUR KOTHARI ENTERPRISES PRIVATE LIMITED,29AAPCA1708D1ZS,FC,FC-Arihant,"Survey.87/1,87/2,88/1,88/2,88/3,89/1,122, FC-Vikrant, Byranhalli","Village Kasaba, Hobli, Nelamangala Taluka, Bengaluru (Bangalore) Rural, Karnataka",562123,Active,HUB,BLR_KSL,Kanakapura,1.12E+13,"145, 100ft Road, BDA BSK 6th Stage Vajarahalli, Bangalore South, Talaghatpura, Bangalore, Bengaluru (Bangalore) Urban, Karnataka, 560062","145, 100ft Road, BDA BSK 6th Stage Vajarahalli","Bangalore South, Talaghatpura, Bangalore, Bengaluru (Bangalore) Urban, Karnataka",560062
36,Karnataka,AMOLAKCHAND ANKUR KOTHARI ENTERPRISES PRIVATE LIMITED,29AAPCA1708D1ZS,FC,FC-Arihant,"Survey.87/1,87/2,88/1,88/2,88/3,89/1,122, FC-Vikrant, Byranhalli","Village Kasaba, Hobli, Nelamangala Taluka, Bengaluru (Bangalore) Rural, Karnataka",562123,Active,HUB,BLR_KDL,Kempegowda-Sutlej,1.12E+13,"Sy. No.32/1, Konappana Agrahara, Electronic City, Bangalore South, Bengaluru - 560100 Karnataka","Sy. No.32/1, Konappana Agrahara","Electronic City, Bangalore South, Bengaluru, Karnataka",560100
37,Karnataka,AMOLAKCHAND ANKUR KOTHARI ENTERPRISES PRIVATE LIMITED,29AAPCA1708D1ZS,FC,FC-Arihant,"Survey.87/1,87/2,88/1,88/2,88/3,89/1,122, FC-Vikrant, Byranhalli","Village Kasaba, Hobli, Nelamangala Taluka, Bengaluru (Bangalore) Rural, Karnataka",562123,Active,HUB,MYS_AGR,Mysore,1.12E+13,"No 81, Koorgalli Industrial Area, Mysore, Bengaluru (Bangalore) Urban, Karnataka, 570018","No 81, Koorgalli Industrial Area","Mysore, Bengaluru (Bangalore) Urban, Karnataka",570018
38,Karnataka,AMOLAKCHAND ANKUR KOTHARI ENTERPRISES PRIVATE LIMITED,29AAPCA1708D1ZS,FC,FC-Arihant,"Survey.87/1,87/2,88/1,88/2,88/3,89/1,122, FC-Vikrant, Byranhalli","Village Kasaba, Hobli, Nelamangala Taluka, Bengaluru (Bangalore) Rural, Karnataka",562123,Active,HUB,BLR_SUTLEJ,Sutlej,1.12E+13,"Sy. No.32/1, Konappana Agrahara, Electronic City, Bangalore South, Bengaluru - 560100 Karnataka","Sy. No.32/1, Konappana Agrahara","Electronic City, Bangalore South, Bengaluru, Karnataka",560100
39,Karnataka,AMOLAKCHAND ANKUR KOTHARI ENTERPRISES PRIVATE LIMITED,29AAPCA1708D1ZS,FC,FC-Arihant,"Survey.87/1,87/2,88/1,88/2,88/3,89/1,122, FC-Vikrant, Byranhalli","Village Kasaba, Hobli, Nelamangala Taluka, Bengaluru (Bangalore) Rural, Karnataka",562123,Active,HUB,BLR_KML_HRC,Koramangala,1.12E+13,"350/3, behind Hamsa Service,Hosur Road, Dharmaram College P.O, Bengaluru (Bangalore) Urban, Karnataka, 560029","350/3, behind Hamsa Service,Hosur Road","Dharmaram College P.O, Bengaluru (Bangalore) Urban, Karnataka",560029
40,Karnataka,BODEGA RETAIL PRIVATE LIMITED,29AAHCB1357R1Z1,FC,FC-Arihant,"Survey.87/1,87/2,88/1,88/2,88/3,89/1,122, FC-Vikrant, Byranhalli","Village Kasaba, Hobli, Nelamangala Taluka, Bengaluru (Bangalore) Rural, Karnataka",562123,Active,HUB,BLR_KDL,Kempegowda-Sutlej,1.12E+13,"Sy. No.32/1, Konappana Agrahara, Electronic City, Bangalore South, Bengaluru - 560100 Karnataka","Sy. No.32/1, Konappana Agrahara","Electronic City, Bangalore South, Bengaluru, Karnataka",560100
41,Karnataka,BODEGA RETAIL PRIVATE LIMITED,29AAHCB1357R1Z1,FC,FC-Arihant,"Survey.87/1,87/2,88/1,88/2,88/3,89/1,122, FC-Vikrant, Byranhalli","Village Kasaba, Hobli, Nelamangala Taluka, Bengaluru (Bangalore) Rural, Karnataka",562123,Active,HUB,BLR_MRT,Maruthi,1.12E+13,"Sy. No.35, Doddanakundi Industrial Area, 2nd Main Road, Behind Graphite India/IFB Factory, Bengaluru - 560048","Sy. No.35, Doddanakundi Industrial Area, 2nd Main Road","Behind Graphite India/IFB Factory, Bengaluru, Karnataka",560048
42,Karnataka,BODEGA RETAIL PRIVATE LIMITED,29AAHCB1357R1Z1,FC,FC-Arihant,"Survey.87/1,87/2,88/1,88/2,88/3,89/1,122, FC-Vikrant, Byranhalli","Village Kasaba, Hobli, Nelamangala Taluka, Bengaluru (Bangalore) Rural, Karnataka",562123,Active,HUB,BLR_KML,Koramangala,1.12E+13,"350/3, behind Hamsa Service,Hosur Road, Dharmaram College P.O, Bengaluru (Bangalore) Urban, Karnataka, 560029","350/3, behind Hamsa Service,Hosur Road","Dharmaram College P.O, Bengaluru (Bangalore) Urban, Karnataka",560029
43,Karnataka,BODEGA RETAIL PRIVATE LIMITED,29AAHCB1357R1Z1,FC,FC-Arihant,"Survey.87/1,87/2,88/1,88/2,88/3,89/1,122, FC-Vikrant, Byranhalli","Village Kasaba, Hobli, Nelamangala Taluka, Bengaluru (Bangalore) Rural, Karnataka",562123,Active,HUB,BLR_SUTLEJ,Sutlej,1.12E+13,"Sy. No.32/1, Konappana Agrahara, Electronic City, Bangalore South, Bengaluru - 560100 Karnataka","Sy. No.32/1, Konappana Agrahara","Electronic City, Bangalore South, Bengaluru, Karnataka",560100
44,Karnataka,BODEGA RETAIL PRIVATE LIMITED,29AAHCB1357R1Z1,FC,FC-Arihant,"Survey.87/1,87/2,88/1,88/2,88/3,89/1,122, FC-Vikrant, Byranhalli","Village Kasaba, Hobli, Nelamangala Taluka, Bengaluru (Bangalore) Rural, Karnataka",562123,Active,HUB,MYS_AGR,Mysore,1.12E+13,"No 81, Koorgalli Industrial Area, Mysore, Bengaluru (Bangalore) Urban, Karnataka, 570018","No 81, Koorgalli Industrial Area","Mysore, Bengaluru (Bangalore) Urban, Karnataka",570018
45,Karnataka,BODEGA RETAIL PRIVATE LIMITED,29AAHCB1357R1Z1,FC,FC-Arihant,"Survey.87/1,87/2,88/1,88/2,88/3,89/1,122, FC-Vikrant, Byranhalli","Village Kasaba, Hobli, Nelamangala Taluka, Bengaluru (Bangalore) Rural, Karnataka",562123,Active,HUB,BLR_KSL,Kanakapura,1.12E+13,"145, 100ft Road, BDA BSK 6th Stage Vajarahalli, Bangalore South, Talaghatpura, Bangalore, Bengaluru (Bangalore) Urban, Karnataka, 560062","145, 100ft Road, BDA BSK 6th Stage Vajarahalli","Bangalore South, Talaghatpura, Bangalore, Bengaluru (Bangalore) Urban, Karnataka",560062
46,Karnataka,BODEGA RETAIL PRIVATE LIMITED,29AAHCB1357R1Z1,FC,FC-Arihant,"Survey.87/1,87/2,88/1,88/2,88/3,89/1,122, FC-Vikrant, Byranhalli","Village Kasaba, Hobli, Nelamangala Taluka, Bengaluru (Bangalore) Rural, Karnataka",562123,Active,HUB,BLR_HNU,Hennur,1.12E+13,"Survey No 34/2, Chokkanahalli Village, Yelahanka Hobli, Bangalore, Bengaluru (Bangalore) Urban, Karnataka, 560064","Survey No 34/2, Chokkanahalli Village","Yelahanka Hobli, Bangalore, Bengaluru (Bangalore) Urban, Karnataka",560064
47,Karnataka,BODEGA RETAIL PRIVATE LIMITED,29AAHCB1357R1Z1,FC,FC-Arihant,"Survey.87/1,87/2,88/1,88/2,88/3,89/1,122, FC-Vikrant, Byranhalli","Village Kasaba, Hobli, Nelamangala Taluka, Bengaluru (Bangalore) Rural, Karnataka",562123,Active,HUB,BLR_PNY,Peenya,1.12E+13,"Plot No.441, Peenya 4th Phase Industrial Area, Situated in Survey No.88 of Nallakadaranahalli Village, Yeshwanthpura Hobli, Bengaluru North Taluk, Bengaluru District - 560058","Plot No.441, Peenya 4th Phase Industrial Area","Situated in Survey No.88 of Nallakadaranahalli Village, Yeshwanthpura Hobli, Bengaluru North Taluk, Bengaluru District, Karnataka",560058
48,Karnataka,BODEGA RETAIL PRIVATE LIMITED,29AAHCB1357R1Z1,FC,FC-Arihant,"Survey.87/1,87/2,88/1,88/2,88/3,89/1,122, FC-Vikrant, Byranhalli","Village Kasaba, Hobli, Nelamangala Taluka, Bengaluru (Bangalore) Rural, Karnataka",562123,Active,HUB,HOSUR_HUB,Hosur,1.12E+13,"SY. NO-5/3,Arehalli Village, Attibele Hobli, Anekal Taluk, Bangalore urban, Karnataka, 562107","SY. NO-5/3,Arehalli Village","Attibele Hobli, Anekal Taluk, Bangalore urban, Karnataka",562107
49,Karnataka,BODEGA RETAIL PRIVATE LIMITED,29AAHCB1357R1Z1,FC,FC-Arihant,"Survey.87/1,87/2,88/1,88/2,88/3,89/1,122, FC-Vikrant, Byranhalli","Village Kasaba, Hobli, Nelamangala Taluka, Bengaluru (Bangalore) Rural, Karnataka",562123,Active,HUB,BLR_KML_HRC,Koramangala,1.12E+13,"350/3, behind Hamsa Service,Hosur Road, Dharmaram College P.O, Bengaluru (Bangalore) Urban, Karnataka, 560029","350/3, behind Hamsa Service,Hosur Road","Dharmaram College P.O, Bengaluru (Bangalore) Urban, Karnataka",560029
50,Karnataka,SOURCINGBEE PRIVATE LIMITED,29AAWCS7485C1ZJ,FC,FC-Arihant,"Survey.87/1,87/2,88/1,88/2,88/3,89/1,122, FC-Vikrant, Byranhalli","Village Kasaba, Hobli, Nelamangala Taluka, Bengaluru (Bangalore) Rural, Karnataka",562123,Active,HUB,HOSUR_HUB,Hosur,1.12E+13,"SY. NO-5/3,Arehalli Village, Attibele Hobli, Anekal Taluk, Bangalore urban, Karnataka, 562107","SY. NO-5/3,Arehalli Village","Attibele Hobli, Anekal Taluk, Bangalore urban, Karnataka",562107
51,Karnataka,SOURCINGBEE PRIVATE LIMITED,29AAWCS7485C1ZJ,FC,FC-Arihant,"Survey.87/1,87/2,88/1,88/2,88/3,89/1,122, FC-Vikrant, Byranhalli","Village Kasaba, Hobli, Nelamangala Taluka, Bengaluru (Bangalore) Rural, Karnataka",562123,Active,HUB,BLR_HNU,Hennur,1.12E+13,"Survey No 34/2, Chokkanahalli Village, Yelahanka Hobli, Bangalore, Bengaluru (Bangalore) Urban, Karnataka, 560064","Survey No 34/2, Chokkanahalli Village","Yelahanka Hobli, Bangalore, Bengaluru (Bangalore) Urban, Karnataka",560064
52,Karnataka,SOURCINGBEE PRIVATE LIMITED,29AAWCS7485C1ZJ,FC,FC-Arihant,"Survey.87/1,87/2,88/1,88/2,88/3,89/1,122, FC-Vikrant, Byranhalli","Village Kasaba, Hobli, Nelamangala Taluka, Bengaluru (Bangalore) Rural, Karnataka",562123,Active,HUB,BLR_KML_HRC,Koramangala,1.12E+13,"350/3, behind Hamsa Service,Hosur Road, Dharmaram College P.O, Bengaluru (Bangalore) Urban, Karnataka, 560029","350/3, behind Hamsa Service,Hosur Road","Dharmaram College P.O, Bengaluru (Bangalore) Urban, Karnataka",560029
53,Karnataka,SOURCINGBEE PRIVATE LIMITED,29AAWCS7485C1ZJ,FC,Sutlej/Gomati,"NO 73,, HAROKYATHANAHALLI VILLAGE","Dasanapura, Bengaluru Urban, Karnataka",562162,Active,HUB,BLR_KSL,Kanakapura,1.12E+13,"145, 100ft Road, BDA BSK 6th Stage Vajarahalli, Bangalore South, Talaghatpura, Bangalore, Bengaluru (Bangalore) Urban, Karnataka, 560062","145, 100ft Road, BDA BSK 6th Stage Vajarahalli","Bangalore South, Talaghatpura, Bangalore, Bengaluru (Bangalore) Urban, Karnataka",560062
54,Karnataka,SOURCINGBEE PRIVATE LIMITED,29AAWCS7485C1ZJ,FC,Sutlej/Gomati,"NO 73,, HAROKYATHANAHALLI VILLAGE","Dasanapura, Bengaluru Urban, Karnataka",562162,Active,HUB,BLR_PNY,Peenya,1.12E+13,"Plot No.441, Peenya 4th Phase Industrial Area, Situated in Survey No.88 of Nallakadaranahalli Village, Yeshwanthpura Hobli, Bengaluru North Taluk, Bengaluru District - 560058","Plot No.441, Peenya 4th Phase Industrial Area","Situated in Survey No.88 of Nallakadaranahalli Village, Yeshwanthpura Hobli, Bengaluru North Taluk, Bengaluru District, Karnataka",560058
55,Karnataka,SOURCINGBEE PRIVATE LIMITED,29AAWCS7485C1ZJ,FC,Sutlej/Gomati,"NO 73,, HAROKYATHANAHALLI VILLAGE","Dasanapura, Bengaluru Urban, Karnataka",562162,Active,HUB,BLR_MRT,Maruthi,1.12E+13,"Sy. No.35, Doddanakundi Industrial Area, 2nd Main Road, Behind Graphite India/IFB Factory, Bengaluru - 560048","Sy. No.35, Doddanakundi Industrial Area, 2nd Main Road","Behind Graphite India/IFB Factory, Bengaluru, Karnataka",560048
56,Karnataka,SOURCINGBEE PRIVATE LIMITED,29AAWCS7485C1ZJ,FC,Sutlej/Gomati,"NO 73,, HAROKYATHANAHALLI VILLAGE","Dasanapura, Bengaluru Urban, Karnataka",562162,Active,HUB,BLR_HNU,Hennur,1.12E+13,"Survey No 34/2, Chokkanahalli Village, Yelahanka Hobli, Bangalore, Bengaluru (Bangalore) Urban, Karnataka, 560064","Survey No 34/2, Chokkanahalli Village","Yelahanka Hobli, Bangalore, Bengaluru (Bangalore) Urban, Karnataka",560064
57,Karnataka,SOURCINGBEE PRIVATE LIMITED,29AAWCS7485C1ZJ,FC,Sutlej/Gomati,"NO 73,, HAROKYATHANAHALLI VILLAGE","Dasanapura, Bengaluru Urban, Karnataka",562162,Active,HUB,MYS_AGR,Mysore,1.12E+13,"No 81, Koorgalli Industrial Area, Mysore, Bengaluru (Bangalore) Urban, Karnataka, 570018","No 81, Koorgalli Industrial Area","Mysore, Bengaluru (Bangalore) Urban, Karnataka",570018
58,Karnataka,SOURCINGBEE PRIVATE LIMITED,29AAWCS7485C1ZJ,FC,Sutlej/Gomati,"NO 73,, HAROKYATHANAHALLI VILLAGE","Dasanapura, Bengaluru Urban, Karnataka",562162,Active,HUB,HOSUR_HUB,Hosur,1.12E+13,"SY. NO-5/3,Arehalli Village, Attibele Hobli, Anekal Taluk, Bangalore urban, Karnataka, 562107","SY. NO-5/3,Arehalli Village","Attibele Hobli, Anekal Taluk, Bangalore urban, Karnataka",562107
59,Karnataka,SOURCINGBEE PRIVATE LIMITED,29AAWCS7485C1ZJ,FC,Sutlej/Gomati,"NO 73,, HAROKYATHANAHALLI VILLAGE","Dasanapura, Bengaluru Urban, Karnataka",562162,Active,HUB,BLR_SUTLEJ,Sutlej,1.12E+13,"Sy. No.32/1, Konappana Agrahara, Electronic City, Bangalore South, Bengaluru - 560100 Karnataka","Sy. No.32/1, Konappana Agrahara","Electronic City, Bangalore South, Bengaluru, Karnataka",560100
60,Karnataka,SOURCINGBEE PRIVATE LIMITED,29AAWCS7485C1ZJ,FC,Sutlej/Gomati,"NO 73,, HAROKYATHANAHALLI VILLAGE","Dasanapura, Bengaluru Urban, Karnataka",562162,Active,HUB,BLR_ARIHANT,Arihant,1.12E+13,"Survey.87/1,87/2,88/1,88/2,88/3,89/1,122, Byranhalli,Village Kasaba, Hobli, Nelamangala Taluka, Bengaluru (Bangalore) Rural, Karnataka, 562123","Survey.87/1,87/2,88/1,88/2,88/3,89/1,122, Byranhalli","Village Kasaba, Hobli, Nelamangala Taluka, Bengaluru (Bangalore) Rural, Karnataka",562123
61,Karnataka,SOURCINGBEE PRIVATE LIMITED,29AAWCS7485C1ZJ,FC,Sutlej/Gomati,"NO 73,, HAROKYATHANAHALLI VILLAGE","Dasanapura, Bengaluru Urban, Karnataka",562162,Active,HUB,BLR_KML,Koramangala,1.12E+13,"350/3, behind Hamsa Service,Hosur Road, Dharmaram College P.O, Bengaluru (Bangalore) Urban, Karnataka, 560029","350/3, behind Hamsa Service,Hosur Road","Dharmaram College P.O, Bengaluru (Bangalore) Urban, Karnataka",560029
62,Karnataka,SOURCINGBEE PRIVATE LIMITED,29AAWCS7485C1ZJ,FC,Sutlej/Gomati,"NO 73,, HAROKYATHANAHALLI VILLAGE","Dasanapura, Bengaluru Urban, Karnataka",562162,Active,HUB,BLR_KML_HRC,Koramangala,1.12E+13,"350/3, behind Hamsa Service,Hosur Road, Dharmaram College P.O, Bengaluru (Bangalore) Urban, Karnataka, 560029","350/3, behind Hamsa Service,Hosur Road","Dharmaram College P.O, Bengaluru (Bangalore) Urban, Karnataka",560029
63,Karnataka,AMOLAKCHAND ANKUR KOTHARI ENTERPRISES PRIVATE LIMITED,29AAPCA1708D1ZS,FC,Sutlej/Gomati,"NO 73,, HAROKYATHANAHALLI VILLAGE","Dasanapura, Bengaluru Urban, Karnataka",562162,Active,HUB,BLR_KML,Koramangala,1.12E+13,"350/3, behind Hamsa Service,Hosur Road, Dharmaram College P.O, Bengaluru (Bangalore) Urban, Karnataka, 560029","350/3, behind Hamsa Service,Hosur Road","Dharmaram College P.O, Bengaluru (Bangalore) Urban, Karnataka",560029
64,Karnataka,AMOLAKCHAND ANKUR KOTHARI ENTERPRISES PRIVATE LIMITED,29AAPCA1708D1ZS,FC,Sutlej/Gomati,"NO 73,, HAROKYATHANAHALLI VILLAGE","Dasanapura, Bengaluru Urban, Karnataka",562162,Active,HUB,BLR_HNU,Hennur,1.12E+13,"Survey No 34/2, Chokkanahalli Village, Yelahanka Hobli, Bangalore, Bengaluru (Bangalore) Urban, Karnataka, 560064","Survey No 34/2, Chokkanahalli Village","Yelahanka Hobli, Bangalore, Bengaluru (Bangalore) Urban, Karnataka",560064
65,Karnataka,AMOLAKCHAND ANKUR KOTHARI ENTERPRISES PRIVATE LIMITED,29AAPCA1708D1ZS,FC,Sutlej/Gomati,"NO 73,, HAROKYATHANAHALLI VILLAGE","Dasanapura, Bengaluru Urban, Karnataka",562162,Active,HUB,BLR_PNY,Peenya,1.12E+13,"Plot No.441, Peenya 4th Phase Industrial Area, Situated in Survey No.88 of Nallakadaranahalli Village, Yeshwanthpura Hobli, Bengaluru North Taluk, Bengaluru District - 560058","Plot No.441, Peenya 4th Phase Industrial Area","Situated in Survey No.88 of Nallakadaranahalli Village, Yeshwanthpura Hobli, Bengaluru North Taluk, Bengaluru District, Karnataka",560058
66,Karnataka,AMOLAKCHAND ANKUR KOTHARI ENTERPRISES PRIVATE LIMITED,29AAPCA1708D1ZS,FC,Sutlej/Gomati,"NO 73,, HAROKYATHANAHALLI VILLAGE","Dasanapura, Bengaluru Urban, Karnataka",562162,Active,HUB,BLR_KSL,Kanakapura,1.12E+13,"145, 100ft Road, BDA BSK 6th Stage Vajarahalli, Bangalore South, Talaghatpura, Bangalore, Bengaluru (Bangalore) Urban, Karnataka, 560062","145, 100ft Road, BDA BSK 6th Stage Vajarahalli","Bangalore South, Talaghatpura, Bangalore, Bengaluru (Bangalore) Urban, Karnataka",560062
67,Karnataka,AMOLAKCHAND ANKUR KOTHARI ENTERPRISES PRIVATE LIMITED,29AAPCA1708D1ZS,FC,Sutlej/Gomati,"NO 73,, HAROKYATHANAHALLI VILLAGE","Dasanapura, Bengaluru Urban, Karnataka",562162,Active,HUB,BLR_KDL,Kempegowda-Sutlej,1.12E+13,"Sy. No.32/1, Konappana Agrahara, Electronic City, Bangalore South, Bengaluru - 560100 Karnataka","Sy. No.32/1, Konappana Agrahara","Electronic City, Bangalore South, Bengaluru, Karnataka",560100
68,Karnataka,AMOLAKCHAND ANKUR KOTHARI ENTERPRISES PRIVATE LIMITED,29AAPCA1708D1ZS,FC,Sutlej/Gomati,"NO 73,, HAROKYATHANAHALLI VILLAGE","Dasanapura, Bengaluru Urban, Karnataka",562162,Active,HUB,BLR_MRT,Maruthi,1.12E+13,"Sy. No.35, Doddanakundi Industrial Area, 2nd Main Road, Behind Graphite India/IFB Factory, Bengaluru - 560048","Sy. No.35, Doddanakundi Industrial Area, 2nd Main Road","Behind Graphite India/IFB Factory, Bengaluru, Karnataka",560048
69,Karnataka,AMOLAKCHAND ANKUR KOTHARI ENTERPRISES PRIVATE LIMITED,29AAPCA1708D1ZS,FC,Sutlej/Gomati,"NO 73,, HAROKYATHANAHALLI VILLAGE","Dasanapura, Bengaluru Urban, Karnataka",562162,Active,HUB,MYS_AGR,Mysore,1.12E+13,"No 81, Koorgalli Industrial Area, Mysore, Bengaluru (Bangalore) Urban, Karnataka, 570018","No 81, Koorgalli Industrial Area","Mysore, Bengaluru (Bangalore) Urban, Karnataka",570018
70,Karnataka,AMOLAKCHAND ANKUR KOTHARI ENTERPRISES PRIVATE LIMITED,29AAPCA1708D1ZS,FC,Sutlej/Gomati,"NO 73,, HAROKYATHANAHALLI VILLAGE","Dasanapura, Bengaluru Urban, Karnataka",562162,Active,HUB,BLR_SUTLEJ,Sutlej,1.12E+13,"Sy. No.32/1, Konappana Agrahara, Electronic City, Bangalore South, Bengaluru - 560100 Karnataka","Sy. No.32/1, Konappana Agrahara","Electronic City, Bangalore South, Bengaluru, Karnataka",560100
71,Karnataka,AMOLAKCHAND ANKUR KOTHARI ENTERPRISES PRIVATE LIMITED,29AAPCA1708D1ZS,FC,Sutlej/Gomati,"NO 73,, HAROKYATHANAHALLI VILLAGE","Dasanapura, Bengaluru Urban, Karnataka",562162,Active,HUB,BLR_ARIHANT,Arihant,1.12E+13,"Survey.87/1,87/2,88/1,88/2,88/3,89/1,122, Byranhalli,Village Kasaba, Hobli, Nelamangala Taluka, Bengaluru (Bangalore) Rural, Karnataka, 562123","Survey.87/1,87/2,88/1,88/2,88/3,89/1,122, Byranhalli","Village Kasaba, Hobli, Nelamangala Taluka, Bengaluru (Bangalore) Rural, Karnataka",562123
72,Karnataka,AMOLAKCHAND ANKUR KOTHARI ENTERPRISES PRIVATE LIMITED,29AAPCA1708D1ZS,FC,Sutlej/Gomati,"NO 73,, HAROKYATHANAHALLI VILLAGE","Dasanapura, Bengaluru Urban, Karnataka",562162,Active,HUB,HOSUR_HUB,Hosur,1.12E+13,"SY. NO-5/3,Arehalli Village, Attibele Hobli, Anekal Taluk, Bangalore urban, Karnataka, 562107","SY. NO-5/3,Arehalli Village","Attibele Hobli, Anekal Taluk, Bangalore urban, Karnataka",562107
73,Karnataka,AMOLAKCHAND ANKUR KOTHARI ENTERPRISES PRIVATE LIMITED,29AAPCA1708D1ZS,FC,Sutlej/Gomati,"NO 73,, HAROKYATHANAHALLI VILLAGE","Dasanapura, Bengaluru Urban, Karnataka",562162,Active,HUB,BLR_KML_HRC,Koramangala,1.12E+13,"350/3, behind Hamsa Service,Hosur Road, Dharmaram College P.O, Bengaluru (Bangalore) Urban, Karnataka, 560029","350/3, behind Hamsa Service,Hosur Road","Dharmaram College P.O, Bengaluru (Bangalore) Urban, Karnataka",560029
74,Karnataka,BODEGA RETAIL PRIVATE LIMITED,29AAHCB1357R1Z1,FC,Sutlej/Gomati,"NO 73,, HAROKYATHANAHALLI VILLAGE","Dasanapura, Bengaluru Urban, Karnataka",562162,Active,HUB,BLR_ARIHANT,Arihant,1.12E+13,"Survey.87/1,87/2,88/1,88/2,88/3,89/1,122, Byranhalli,Village Kasaba, Hobli, Nelamangala Taluka, Bengaluru (Bangalore) Rural, Karnataka, 562123","Survey.87/1,87/2,88/1,88/2,88/3,89/1,122, Byranhalli","Village Kasaba, Hobli, Nelamangala Taluka, Bengaluru (Bangalore) Rural, Karnataka",562123
75,Karnataka,BODEGA RETAIL PRIVATE LIMITED,29AAHCB1357R1Z1,FC,Sutlej/Gomati,"NO 73,, HAROKYATHANAHALLI VILLAGE","Dasanapura, Bengaluru Urban, Karnataka",562162,Active,HUB,BLR_MRT,Maruthi,1.12E+13,"Sy. No.35, Doddanakundi Industrial Area, 2nd Main Road, Behind Graphite India/IFB Factory, Bengaluru - 560048","Sy. No.35, Doddanakundi Industrial Area, 2nd Main Road","Behind Graphite India/IFB Factory, Bengaluru, Karnataka",560048
76,Karnataka,BODEGA RETAIL PRIVATE LIMITED,29AAHCB1357R1Z1,FC,Sutlej/Gomati,"NO 73,, HAROKYATHANAHALLI VILLAGE","Dasanapura, Bengaluru Urban, Karnataka",562162,Active,HUB,BLR_KML,Koramangala,1.12E+13,"350/3, behind Hamsa Service,Hosur Road, Dharmaram College P.O, Bengaluru (Bangalore) Urban, Karnataka, 560029","350/3, behind Hamsa Service,Hosur Road","Dharmaram College P.O, Bengaluru (Bangalore) Urban, Karnataka",560029
77,Karnataka,BODEGA RETAIL PRIVATE LIMITED,29AAHCB1357R1Z1,FC,Sutlej/Gomati,"NO 73,, HAROKYATHANAHALLI VILLAGE","Dasanapura, Bengaluru Urban, Karnataka",562162,Active,HUB,BLR_SUTLEJ,Sutlej,1.12E+13,"Sy. No.32/1, Konappana Agrahara, Electronic City, Bangalore South, Bengaluru - 560100 Karnataka","Sy. No.32/1, Konappana Agrahara","Electronic City, Bangalore South, Bengaluru, Karnataka",560100
78,Karnataka,BODEGA RETAIL PRIVATE LIMITED,29AAHCB1357R1Z1,FC,Sutlej/Gomati,"NO 73,, HAROKYATHANAHALLI VILLAGE","Dasanapura, Bengaluru Urban, Karnataka",562162,Active,HUB,MYS_AGR,Mysore,1.12E+13,"No 81, Koorgalli Industrial Area, Mysore, Bengaluru (Bangalore) Urban, Karnataka, 570018","No 81, Koorgalli Industrial Area","Mysore, Bengaluru (Bangalore) Urban, Karnataka",570018
79,Karnataka,BODEGA RETAIL PRIVATE LIMITED,29AAHCB1357R1Z1,FC,Sutlej/Gomati,"NO 73,, HAROKYATHANAHALLI VILLAGE","Dasanapura, Bengaluru Urban, Karnataka",562162,Active,HUB,BLR_KSL,Kanakapura,1.12E+13,"145, 100ft Road, BDA BSK 6th Stage Vajarahalli, Bangalore South, Talaghatpura, Bangalore, Bengaluru (Bangalore) Urban, Karnataka, 560062","145, 100ft Road, BDA BSK 6th Stage Vajarahalli","Bangalore South, Talaghatpura, Bangalore, Bengaluru (Bangalore) Urban, Karnataka",560062
80,Karnataka,BODEGA RETAIL PRIVATE LIMITED,29AAHCB1357R1Z1,FC,Sutlej/Gomati,"NO 73,, HAROKYATHANAHALLI VILLAGE","Dasanapura, Bengaluru Urban, Karnataka",562162,Active,HUB,BLR_KDL,Kempegowda-Sutlej,1.12E+13,"Sy. No.32/1, Konappana Agrahara, Electronic City, Bangalore South, Bengaluru - 560100 Karnataka","Sy. No.32/1, Konappana Agrahara","Electronic City, Bangalore South, Bengaluru, Karnataka",560100
81,Karnataka,BODEGA RETAIL PRIVATE LIMITED,29AAHCB1357R1Z1,FC,Sutlej/Gomati,"NO 73,, HAROKYATHANAHALLI VILLAGE","Dasanapura, Bengaluru Urban, Karnataka",562162,Active,HUB,BLR_HNU,Hennur,1.12E+13,"Survey No 34/2, Chokkanahalli Village, Yelahanka Hobli, Bangalore, Bengaluru (Bangalore) Urban, Karnataka, 560064","Survey No 34/2, Chokkanahalli Village","Yelahanka Hobli, Bangalore, Bengaluru (Bangalore) Urban, Karnataka",560064
82,Karnataka,BODEGA RETAIL PRIVATE LIMITED,29AAHCB1357R1Z1,FC,Sutlej/Gomati,"NO 73,, HAROKYATHANAHALLI VILLAGE","Dasanapura, Bengaluru Urban, Karnataka",562162,Active,HUB,BLR_PNY,Peenya,1.12E+13,"Plot No.441, Peenya 4th Phase Industrial Area, Situated in Survey No.88 of Nallakadaranahalli Village, Yeshwanthpura Hobli, Bengaluru North Taluk, Bengaluru District - 560058","Plot No.441, Peenya 4th Phase Industrial Area","Situated in Survey No.88 of Nallakadaranahalli Village, Yeshwanthpura Hobli, Bengaluru North Taluk, Bengaluru District, Karnataka",560058
83,Karnataka,BODEGA RETAIL PRIVATE LIMITED,29AAHCB1357R1Z1,FC,Sutlej/Gomati,"NO 73,, HAROKYATHANAHALLI VILLAGE","Dasanapura, Bengaluru Urban, Karnataka",562162,Active,HUB,HOSUR_HUB,Hosur,1.12E+13,"SY. NO-5/3,Arehalli Village, Attibele Hobli, Anekal Taluk, Bangalore urban, Karnataka, 562107","SY. NO-5/3,Arehalli Village","Attibele Hobli, Anekal Taluk, Bangalore urban, Karnataka",562107
84,Karnataka,BODEGA RETAIL PRIVATE LIMITED,29AAHCB1357R1Z1,FC,Sutlej/Gomati,"NO 73,, HAROKYATHANAHALLI VILLAGE","Dasanapura, Bengaluru Urban, Karnataka",562162,Active,HUB,BLR_KML_HRC,Koramangala,1.12E+13,"350/3, behind Hamsa Service,Hosur Road, Dharmaram College P.O, Bengaluru (Bangalore) Urban, Karnataka, 560029","350/3, behind Hamsa Service,Hosur Road","Dharmaram College P.O, Bengaluru (Bangalore) Urban, Karnataka",560029
85,Karnataka,SOURCINGBEE PRIVATE LIMITED,29AAWCS7485C1ZJ,FC,FC-Arihant,"Survey.87/1,87/2,88/1,88/2,88/3,89/1,122, FC-Vikrant, Byranhalli","Village Kasaba, Hobli, Nelamangala Taluka, Bengaluru (Bangalore) Rural, Karnataka",562123,Active,HUB,BLR_KDL,Kempegowda-Sutlej,1.12E+13,"Sy. No.32/1, Konappana Agrahara, Electronic City, Bangalore South, Bengaluru - 560100 Karnataka","Sy. No.32/1, Konappana Agrahara","Electronic City, Bangalore South, Bengaluru, Karnataka",560100
86,Karnataka,SOURCINGBEE PRIVATE LIMITED,29AAWCS7485C1ZJ,FC,FC-Arihant,"Survey.87/1,87/2,88/1,88/2,88/3,89/1,122, FC-Vikrant, Byranhalli","Village Kasaba, Hobli, Nelamangala Taluka, Bengaluru (Bangalore) Rural, Karnataka",562123,Active,HUB,BLR_KSL,Kanakapura,1.12E+13,"145, 100ft Road, BDA BSK 6th Stage Vajarahalli, Bangalore South, Talaghatpura, Bangalore, Bengaluru (Bangalore) Urban, Karnataka, 560062","145, 100ft Road, BDA BSK 6th Stage Vajarahalli","Bangalore South, Talaghatpura, Bangalore, Bengaluru (Bangalore) Urban, Karnataka",560062