slno,company_name,company_code,state,state_code,city,origin_facility_display_name,origin_facility_code,facility_code,facility_type,status,gstin,fssai_license,address_line1,address_line2,pin_code,place_of_supply,destination_hub_display_name,destination_hub_code,hub_address,hub_pin_code,receiver_company_code,receiver_gstin,default_distance_km,transporter_gstin,effective_from,effective_to,last_updated,notes
1.0,AMOLAKCHAND ANKUR KOTHARI ENTERPRISES PRIVATE LIMITED,AMOLAKCHAND,Bihar,10,Danapur,FC-Patna,PTN,PTN,FULFILLMENT_CENTER,ACTIVE,10AAPCA1708D1ZB,10422000000245.0,"Tauzi No. - 5225/14851, Survey No -1, Plot No. 32/1690, C/o Shree Shankar Swawlambi Cold Storage","96/1691, 95/1692, Mauza Lakhani Bigha, Pargana, Phulwari, Thana Danapur, PO Khagaul, Patna, Patna, Bihar",801105,Patna,,,,,AMOLAKCHAND,,,,,,2025-08-08,
2.0,AMOLAKCHAND ANKUR KOTHARI ENTERPRISES PRIVATE LIMITED,AMOLAKCHAND,Bihar,10,,,,,UNKNOWN,ACTIVE,10AAPCA1708D1ZB,,Khata no.157 & 227 (part) and Khasra noc.Parts of 517 & 600,"at Adbul Rehman Pur Katra Bazar Next to Dina Iron Factory Thana Mal Salami Police Station Didarganj, Patna, Patna,Bihar",800008,,,,,,AMOLAKCHAND,,,,,,2025-08-08,
,AMOLAKCHAND ANKUR KOTHARI ENTERPRISES PRIVATE LIMITED,AMOLAKCHAND,Gujarat,24,Ahmedabad,FC-Ahmedabad,AMD,AMD,FULFILLMENT_CENTER,ACTIVE,24AAPCA1708D1Z2,10722999000492.0,"Final Plot No 192/1+2 of TP Scheme No 129, Kankumba Hall Road, b/h Jay Ambe Hotel","Daskroi, Aslali, Ahmedabad, Gujarat",382427,Ahmedabad,,,,,AMOLAKCHAND,,,,,,2025-08-08,
,AMOLAKCHAND ANKUR KOTHARI ENTERPRISES PRIVATE LIMITED,AMOLAKCHAND,Jharkhand,20,Ranchi,FC-Ranchi,RNC,RNC,FULFILLMENT_CENTER,ACTIVE,20AAPCA1708D1ZA,11122001000077.0,"KK Breweries Pvt Ltd, Tatisilawai Industrial Area, Phase II","Tatisilawai, Ranchi, Ranchi, Jharkhand",835103,Ranchi,,,,,AMOLAKCHAND,,,,,,2025-08-08,
,AMOLAKCHAND ANKUR KOTHARI ENTERPRISES PRIVATE LIMITED,AMOLAKCHAND,Jharkhand,20,Jamshedpur,,,,DISTRIBUTION_HUB,ACTIVE,20AAPCA1708D1ZA,11122999000028.0,"OWM Logistics, Situated at Mouza Bhilaipahari, P.S.M.G.M Muffasil, Thana No 1146","Recorded under, Survey Khata No 44, Plot No 13, Jharkhand, Jamshedpur, East Singhbhum,Jharkhand",831012,Jamshedpur,Jamshedpur,JH_JSD_BLP,"OWM Logistics, Situated at Mouza Bhilaipahari, P.S.M.G.M Muffasil, Thana No 1146,Recorded under, Survey Khata No 44, Plot No 13, Jharkhand, Jamshedpur, East Singhbhum,Jharkhand, 831012",831012,AMOLAKCHAND,,,,,,2025-08-08,
,AMOLAKCHAND ANKUR KOTHARI ENTERPRISES PRIVATE LIMITED,AMOLAKCHAND,UP,09,Lucknow,FC-Lucknow,LKO,LKO,FULFILLMENT_CENTER,ACTIVE,09AAPCA1708D1ZU,12722066000063.0,"Khasra No. 3119, GindanKhera, Amausi Station Road, Nadarganj Industrial Area","Lucknow, Lucknow, Uttar Pradesh",226008,Lucknow,,,,,AMOLAKCHAND,,,,,,2025-08-08,
,AMOLAKCHAND ANKUR KOTHARI ENTERPRISES PRIVATE LIMITED,AMOLAKCHAND,UP,09,Lucknow,,,,UNKNOWN,ACTIVE,09AAPCA1708D1ZU,,"Shop No.04 05, 634, Shia Colony Road, Alamnagar","Lucknow, Lucknow, Uttar Pradesh",226017,Lucknow,,,,,AMOLAKCHAND,,,,,,2025-08-08,
,AMOLAKCHAND ANKUR KOTHARI ENTERPRISES PRIVATE LIMITED,AMOLAKCHAND,UP,09,Kanpur,,,,UNKNOWN,ACTIVE,09AAPCA1708D1ZU,,Part of Premises No.A/5A Panki Industrial Area 4th Built,"Over Plot N0.5A Blk-A Scheme No.40 Panki, Kanpur, Kanpur Nagar, Uttar Pradesh",208020,Kanpur,,,,,AMOLAKCHAND,,,,,,2025-08-08,
,AMOLAKCHAND ANKUR KOTHARI ENTERPRISES PRIVATE LIMITED,AMOLAKCHAND,Telangana,36,Shameerpet,FC-Hyderabad,HYD,HYD,FULFILLMENT_CENTER,ACTIVE,36AAPCA1708D1ZX,13622034000025.0,"Survey No 720 721, Deveryamzal, Dist - Medchal, Mandal","Shameerpet, Hyderabad, Medchal Malkajgiri, Telangana",500078,Hyderabad,,,,,AMOLAKCHAND,,,,,,2025-08-08,
,AMOLAKCHAND ANKUR KOTHARI ENTERPRISES PRIVATE LIMITED,AMOLAKCHAND,Telangana,36,Santosh Nagar,,,,DISTRIBUTION_HUB,ACTIVE,36AAPCA1708D1ZX,13624010000565.0,"Sy. No. 66,72, Door No 5-340/2, Sudhakar Reddy Gardens","Jillelguda Village, Balapur Mandal, Hyderabad, Rangareddy, Telangana",500097,Hyderabad,Santosh Nagar,HYD_SAN,"Sy. No. 66,72, Door No 5-340/2, Sudhakar Reddy Gardens, Jillelguda Village, Balapur Mandal, Hyderabad, Rangareddy, Telangana, 500097",500097,AMOLAKCHAND,,,,,,2025-08-08,
,AMOLAKCHAND ANKUR KOTHARI ENTERPRISES PRIVATE LIMITED,AMOLAKCHAND,Telangana,36,Nacharam,,,,DISTRIBUTION_HUB,ACTIVE,36AAPCA1708D1ZX,13622012000113.0,"Sy. No.32/1, Plot No.1, 8-142, Road No.1, IDA, Nacharam Village","Uppal Municipality, Hyderabad, Medchal Malkajgiri, Telangana",500076,Hyderabad,Nacharam,HYD_NCH,"Sy. No.32/1, Plot No.1, 8-142, Road No.1, IDA, Nacharam Village, Uppal Municipality, Hyderabad, Medchal Malkajgiri, Telangana, 500076",500076,AMOLAKCHAND,,,,,,2025-08-08,
,AMOLAKCHAND ANKUR KOTHARI ENTERPRISES PRIVATE LIMITED,AMOLAKCHAND,Telangana,36,Gandhi Nagar,,,,DISTRIBUTION_HUB,ACTIVE,36AAPCA1708D1ZX,13622014001250.0,Plot No.35 of the Co-Operative Industrial Estate Ltd,"Gandhinagar Balanagar Hyderabad, Hyderabad, Hyderabad, Telangana",500037,Hyderabad,Gandhi Nagar,HYD_BAL,"Plot No.35 of the Co-Operative Industrial Estate Ltd, Gandhinagar Balanagar Hyderabad, Hyderabad, Hyderabad, Telangana, 500037",500037,AMOLAKCHAND,,,,,,2025-08-08,
,AMOLAKCHAND ANKUR KOTHARI ENTERPRISES PRIVATE LIMITED,AMOLAKCHAND,Karnataka,29,Airanth,FC-Airanth,AIR,AIR,FULFILLMENT_CENTER,ACTIVE,29AAPCA1708D1ZS,11221999000403.0,"Survey No 87/1,87/2,88/2,88/3,89/1,122, Arihant-Vikrant, Byranahalli Village Kasaba Hobli,","Nelamangala Taluka, Bengaluru Rural, Karnataka",562123,Airanth,,,,,AMOLAKCHAND,,,,,,2025-08-08,
,AMOLAKCHAND ANKUR KOTHARI ENTERPRISES PRIVATE LIMITED,AMOLAKCHAND,Karnataka,29,Sutlej & Gomati,FC-Sutlej & Gomati,SUT,SUT,FULFILLMENT_CENTER,ACTIVE,29AAPCA1708D1ZS,11222999000306.0,"Survey No. 73, FC- Satlej/FC- Gomati, Harokyathanahalli Village,Dasanapura Hobli","Bangalore North Taluk, Bengaluru North, Bengaluru Rural, Karnataka",562162,Sutlej & Gomati,,,,,AMOLAKCHAND,,,,,,2025-08-08,
,AMOLAKCHAND ANKUR KOTHARI ENTERPRISES PRIVATE LIMITED,AMOLAKCHAND,Karnataka,29,KML,,,,DISTRIBUTION_HUB,ACTIVE,29AAPCA1708D1ZS,11222302001452.0,"149/2, 350/3, KML-Hub with Jumbotail, behind Hamsa Service, Hosur Road,","Dharmaram College P.O, Bengaluru Urban, Karnataka",560029,Bengaluru,KML,BLR_KML,"149/2, 350/3, KML-Hub with Jumbotail, behind Hamsa Service, Hosur Road, Dharmaram College P.O, Bengaluru Urban, Karnataka, 560029",560029,AMOLAKCHAND,,,,,,2025-08-08,
,AMOLAKCHAND ANKUR KOTHARI ENTERPRISES PRIVATE LIMITED,AMOLAKCHAND,Karnataka,29,Hennur,,,,DISTRIBUTION_HUB,ACTIVE,29AAPCA1708D1ZS,11222302000065.0,"Survey No 34/2, Chokkanahalli Village, Yelahanka Hobli","Bengaluru Urban, Karnataka",560064,Bengaluru,Hennur,BLR_HNU,"Survey No 34/2, Chokkanahalli Village, Yelahanka Hobli, Bengaluru Urban, Karnataka,560064",560064,AMOLAKCHAND,,,,,,2025-08-08,
,AMOLAKCHAND ANKUR KOTHARI ENTERPRISES PRIVATE LIMITED,AMOLAKCHAND,Karnataka,29,KSL,,,,DISTRIBUTION_HUB,ACTIVE,29AAPCA1708D1ZS,11223302000430.0,"145, 100ft Road, BDA BSK 6th Stage Vajarahalli, Bangalore South","Talaghatpura, Bengaluru, Bengaluru Urban, Karnataka",560062,Bengaluru,KSL,BLR_KSL,"145, 100ft Road, BDA BSK 6th Stage Vajarahalli, Bangalore South, Talaghatpura, Bengaluru, Bengaluru Urban, Karnataka, 560062",560062,AMOLAKCHAND,,,,,,2025-08-08,
,AMOLAKCHAND ANKUR KOTHARI ENTERPRISES PRIVATE LIMITED,AMOLAKCHAND,Karnataka,29,Mysore,,,,DISTRIBUTION_HUB,ACTIVE,29AAPCA1708D1ZS,11223323000386.0,"No 81, Koorgalli Industrial Area","Mysore, Bengaluru Urban, Karnataka,",570018,Mysore,Mysore,MYS_AGR,"No 81, Koorgalli Industrial Area, Mysore, Bengaluru Urban, Karnataka, 570018",570018,AMOLAKCHAND,,,,,,2025-08-08,
,AMOLAKCHAND ANKUR KOTHARI ENTERPRISES PRIVATE LIMITED,AMOLAKCHAND,Karnataka,29,Safal Market,,,,UNKNOWN,ACTIVE,29AAPCA1708D1ZS,11223302001436.0,"A-21, A-27, A-29, A-Passage B-06, Safal Market, SY. No.99, Khajisonenahalli Village,Whitefield","Hoskote Highway, Bengaluru, Bengaluru Rural, Karnataka",560115,Safal Market,,,,,AMOLAKCHAND,,,,,,2025-08-08,
,AMOLAKCHAND ANKUR KOTHARI ENTERPRISES PRIVATE LIMITED,AMOLAKCHAND,Karnataka,29,Bengaluru,,,,DISTRIBUTION_HUB,ACTIVE,29AAPCA1708D1ZS,11223302000428.0,"Sy. No. 32/1, Konappana Agrahara, Electronic City","Bangalore South, Bengaluru, Bengaluru Urban, Karnataka",560100,Bengaluru,,BLR_KDL,"Sy. No. 32/1, Konappana Agrahara, Electronic City, Bangalore South, Bengaluru, Bengaluru Urban, Karnataka, 560100",560100,AMOLAKCHAND,,,,,,2025-08-08,Incorrect
,AMOLAKCHAND ANKUR KOTHARI ENTERPRISES PRIVATE LIMITED,AMOLAKCHAND,Karnataka,29,BLR_MRT,,,,DISTRIBUTION_HUB,ACTIVE,29AAPCA1708D1ZS,11223302000429.0,"Sy.No.35, Doddanakundi Industrial Area, 2nd Main Road","Behind Graphite Indai/IFB Factory, Bengaluru, Bengaluru Urban, Karnataka",560048,Bengaluru,BLR_MRT,BLR_MRT,"Sy.No.35, Doddanakundi Industrial Area, 2nd Main Road, Behind Graphite Indai/IFB Factory, Bengaluru, Bengaluru Urban, Karnataka, 560048",560048,AMOLAKCHAND,,,,,,2025-08-08,Incorrect
,AMOLAKCHAND ANKUR KOTHARI ENTERPRISES PRIVATE LIMITED,AMOLAKCHAND,Karnataka,29,Bengaluru,,,,DISTRIBUTION_HUB,ACTIVE,29AAPCA1708D1ZS,,"Sy. No-5/3, Arehalli Village, Attibele Hobli, Anekal Taluk","Bengaluru, Bengaluru Urban, Karnataka",562107,Bengaluru,,BLR_HOSUR,"Sy. No-5/3, Arehalli Village, Attibele Hobli, Anekal Taluk, Bengaluru, Bengaluru Urban, Karnataka, 562107",562107,AMOLAKCHAND,,,,,,2025-08-08,Madhav
,AMOLAKCHAND ANKUR KOTHARI ENTERPRISES PRIVATE LIMITED,AMOLAKCHAND,Karnataka,29,,,,,UNKNOWN,ACTIVE,29AAPCA1708D1ZS,,Mahimappa Industrial Estate 100 ft Road Jalahalli Cross Road,"Near PIA Bhavan Chokkasandra Peenya 1st Stage, Bengaluru, Bengaluru Urban, Karnataka",560057,,,,,,AMOLAKCHAND,,,,,,2025-08-08,Madhav
,AMOLAKCHAND ANKUR KOTHARI ENTERPRISES PRIVATE LIMITED,AMOLAKCHAND,Karnataka,29,Bengaluru,,,,DISTRIBUTION_HUB,ACTIVE,29AAPCA1708D1ZS,,"Plot No.441, Yeshwanthapura Hobli, Situated in Survey No.88 of Nallakadaranahalli Village","Peenya 4th Phase Industrial Area, Bengaluru, Bengaluru Urban, Karnataka",560058,Bengaluru,,BLR_PNY,"Plot No.441, Yeshwanthapura Hobli, Situated in Survey No.88 of Nallakadaranahalli Village, Peenya 4th Phase Industrial Area, Bengaluru, Bengaluru Urban, Karnataka, 560058",560058,AMOLAKCHAND,,,,,,2025-08-08,Madhav
,TAILHUB PRIVATE LIMITED,TAILHUB,Karnataka,29,Airanth & Vikranth,FC-Airanth & Vikranth,AIR,AIR,FULFILLMENT_CENTER,ACTIVE,29AAGCT1326B1ZO,11222303000071.0,"Survey No 87/1,87/2,88/2,88/3,89/1,122, Arihant-Vikrant, Byranahalli Village Kasaba Hobli,","Nelamangala Taluka, Bengaluru Rural, Karnataka",562123,Airanth & Vikranth,,,,,TAILHUB,,,,,,2025-08-08,
,TAILHUB PRIVATE LIMITED,TAILHUB,Karnataka,29,Sutlej & Gomati,FC-Sutlej & Gomati,SUT,SUT,FULFILLMENT_CENTER,ACTIVE,29AAGCT1326B1ZO,11222302000149.0,"Survey No. 73, FC- Satlej/FC- Gomati, Harokyathanahalli Village,Dasanapura Hobli","Bangalore North Taluk, Bengaluru North, Bengaluru Rural, Karnataka",562162,Sutlej & Gomati,,,,,TAILHUB,,,,,,2025-08-08,
,TAILHUB PRIVATE LIMITED,TAILHUB,Karnataka,29,KML,,,,DISTRIBUTION_HUB,ACTIVE,29AAGCT1326B1ZO,11222302000148.0,"149/2, 350/3, KML-Hub with Jumbotail, behind Hamsa Service, Hosur Road,","Dharmaram College P.O, Bengaluru Urban, Karnataka",560029,Bengaluru,KML,BLR_KML,"149/2, 350/3, KML-Hub with Jumbotail, behind Hamsa Service, Hosur Road, Dharmaram College P.O, Bengaluru Urban, Karnataka, 560029",560029,TAILHUB,,,,,,2025-08-08,
,TAILHUB PRIVATE LIMITED,TAILHUB,Karnataka,29,Hennur,,,,DISTRIBUTION_HUB,ACTIVE,29AAGCT1326B1ZO,11222302000145.0,"Survey No 34/2, Chokkanahalli Village, Yelahanka Hobli","Bengaluru Urban, Karnataka",560064,Bengaluru,Hennur,BLR_HNU,"Survey No 34/2, Chokkanahalli Village, Yelahanka Hobli, Bengaluru Urban, Karnataka,560064",560064,TAILHUB,,,,,,2025-08-08,
,TAILHUB PRIVATE LIMITED,TAILHUB,Karnataka,29,BLR_MRT,,,,DISTRIBUTION_HUB,ACTIVE,29AAGCT1326B1ZO,,"Sy.No.35, Doddanakundi Industrial Area, 2nd Main Road","Behind Graphite Indai/IFB Factory, Bengaluru, Bengaluru Urban, Karnataka",560048,Bengaluru,BLR_MRT,BLR_MRT,"Sy.No.35, Doddanakundi Industrial Area, 2nd Main Road, Behind Graphite Indai/IFB Factory, Bengaluru, Bengaluru Urban, Karnataka, 560048",560048,TAILHUB,,,,,,2025-08-08,not applied
,TAILHUB PRIVATE LIMITED,TAILHUB,Karnataka,29,Bengaluru,,,,DISTRIBUTION_HUB,ACTIVE,29AAGCT1326B1ZO,,"145, 100ft Road, BDA BSK 6th Stage Vajarahalli, Bangalore South","Talaghatpura, Bengaluru, Bengaluru Urban, Karnataka",560062,Bengaluru,,BLR_KSL,"145, 100ft Road, BDA BSK 6th Stage Vajarahalli, Bangalore South, Talaghatpura, Bengaluru, Bengaluru Urban, Karnataka, 560062",560062,TAILHUB,,,,,,2025-08-08,not applied
,SOURCINGBEE RETAIL PRIVATE LIMITED,SOURCINGBEE,Karnataka,29,Airanth,FC-Airanth,AIR,AIR,FULFILLMENT_CENTER,ACTIVE,29AAWCS7485C1ZJ,11220303000515.0,"Survey No.87/1,87/2,88,89/1 and 122, Byranahalli Village","Kasaba Hobli, Nelamangala, Bengaluru Urban, Karnataka",562123,Airanth,,,,,SOURCINGBEE,,,,,,2025-08-08,
,SOURCINGBEE RETAIL PRIVATE LIMITED,SOURCINGBEE,Karnataka,29,Sutlej & Gomati,FC-Sutlej & Gomati,SUT,SUT,FULFILLMENT_CENTER,ACTIVE,29AAWCS7485C1ZJ,11223302000426.0,"Survey No. 73, FC- Satlej/FC- Gomati, Harokyathanahalli Village,Dasanapura Hobli","Bangalore North Taluk, Bengaluru North, Bengaluru Rural, Karnataka",562162,Sutlej & Gomati,,,,,SOURCINGBEE,,,,,,2025-08-08,
,SOURCINGBEE RETAIL PRIVATE LIMITED,SOURCINGBEE,Karnataka,29,KML,,,,DISTRIBUTION_HUB,ACTIVE,29AAWCS7485C1ZJ,11222302001466.0,"149/2, 350/3, KML-Hub with Jumbotail, behind Hamsa Service, Hosur Road,","Dharmaram College P.O, Bengaluru Urban, Karnataka",560029,Bengaluru,KML,BLR_KML,"149/2, 350/3, KML-Hub with Jumbotail, behind Hamsa Service, Hosur Road, Dharmaram College P.O, Bengaluru Urban, Karnataka, 560029",560029,SOURCINGBEE,,,,,,2025-08-08,
,SOURCINGBEE RETAIL PRIVATE LIMITED,SOURCINGBEE,Karnataka,29,Mysore,,,,DISTRIBUTION_HUB,ACTIVE,29AAWCS7485C1ZJ,11223323000122.0,"No 81, Koorgalli Industrial Area","Mysore, Bengaluru Urban, Karnataka,",570018,Mysore,Mysore,MYS_AGR,"No 81, Koorgalli Industrial Area, Mysore, Bengaluru Urban, Karnataka, 570018",570018,SOURCINGBEE,,,,,,2025-08-08,
,SOURCINGBEE RETAIL PRIVATE LIMITED,SOURCINGBEE,Karnataka,29,Hennur,,,,DISTRIBUTION_HUB,ACTIVE,29AAWCS7485C1ZJ,11222331000211.0,"Survey No 34/2, Chokkanahalli Village, Yelahanka Hobli","Bengaluru Urban, Karnataka",560064,Bengaluru,Hennur,BLR_HNU,"Survey No 34/2, Chokkanahalli Village, Yelahanka Hobli, Bengaluru Urban, Karnataka,560064",560064,SOURCINGBEE,,,,,,2025-08-08,
,SOURCINGBEE RETAIL PRIVATE LIMITED,SOURCINGBEE,Karnataka,29,KSL,,,,DISTRIBUTION_HUB,ACTIVE,29AAWCS7485C1ZJ,11223302000485.0,"145, 100ft Road, BDA BSK 6th Stage Vajarahalli, Bangalore South","Talaghatpura, Bengaluru, Bengaluru Urban, Karnataka",560062,Bengaluru,KSL,BLR_KSL,"145, 100ft Road, BDA BSK 6th Stage Vajarahalli, Bangalore South, Talaghatpura, Bengaluru, Bengaluru Urban, Karnataka, 560062",560062,SOURCINGBEE,,,,,,2025-08-08,
,SOURCINGBEE RETAIL PRIVATE LIMITED,SOURCINGBEE,Karnataka,29,BLR_MRT,,,,DISTRIBUTION_HUB,ACTIVE,29AAWCS7485C1ZJ,11223302000484.0,"Sy.No.35, Doddanakundi Industrial Area, 2nd Main Road","Behind Graphite Indai/IFB Factory, Bengaluru, Bengaluru Urban, Karnataka",560048,Bengaluru,BLR_MRT,BLR_MRT,"Sy.No.35, Doddanakundi Industrial Area, 2nd Main Road, Behind Graphite Indai/IFB Factory, Bengaluru, Bengaluru Urban, Karnataka, 560048",560048,SOURCINGBEE,,,,,,2025-08-08,
,BODEGA RETAIL PRIVATE LIMITED,BODEGA,Odisha,21,Bhubaneswar,FC-Bhubaneswar,BHU,BHU,FULFILLMENT_CENTER,ACTIVE,21AAHCB1357R1ZH,12022999000074.0,"PLOT No 32, Patia, Chandaka Industrial Estat","Bhubaneswar, Khordha, Odisha",751024,Bhubaneswar,,,,,BODEGA,,,,,,2025-08-08,
,BODEGA RETAIL PRIVATE LIMITED,BODEGA,MH,27,Lonikand,FC-Pune,PUN,PUN,FULFILLMENT_CENTER,ACTIVE,27AAHCB1357R1Z5,11523083000298.0,"Gate No 184/179, Lonikand-Theur Bypass Road","Lonikand, Pune, Maharashtra",412216,Pune,,,,,BODEGA,,,,,,2025-08-08,
,BODEGA RETAIL PRIVATE LIMITED,BODEGA,MH,27,Chinchwad,,,,DISTRIBUTION_HUB,ACTIVE,27AAHCB1357R1Z5,11521035000997.0,"Gat No. 163, Talawade Road,Talawade, Haveli, Pune","Pimpri Chinchwad, Pune, Maharashtra",411062,Pune,Chinchwad,PUN_TLW,"Gat No. 163, Talawade Road,Talawade, Haveli, Pune, Pimpri Chinchwad, Pune, Maharashtra, 411062",411062,BODEGA,,,,,,2025-08-08,
,BODEGA RETAIL PRIVATE LIMITED,BODEGA,MH,27,Haveli,,,,DISTRIBUTION_HUB,ACTIVE,27AAHCB1357R1Z5,11523083000297.0,"Survey No.27, Hissa No 9/1B/2, Village Kondhawa Budruk","Taluka Haveli, Pune, Pune, Maharashtra",411048,Pune,Haveli,PUN_PSL,"Survey No.27, Hissa No 9/1B/2, Village Kondhawa Budruk, Taluka Haveli, Pune, Pune, Maharashtra, 411048",411048,BODEGA,,,,,,2025-08-08,
,BODEGA RETAIL PRIVATE LIMITED,BODEGA,Telangana,36,Shameerpet,FC-Hyderabad,HYD,HYD,FULFILLMENT_CENTER,ACTIVE,36AAHCB1357R1Z6,13622034000024.0,"Survey No 720 721, Deveryamzal, Dist - Medchal, Mandal","Shameerpet, Hyderabad, Medchal Malkajgiri, Telangana",500078,Hyderabad,,,,,BODEGA,,,,,,2025-08-08,
,BODEGA RETAIL PRIVATE LIMITED,BODEGA,Telangana,36,Santosh Nagar,,,,DISTRIBUTION_HUB,ACTIVE,36AAHCB1357R1Z6,13624010000558.0,"Sy. No. 66,72, Door No 5-340/2, Sudhakar Reddy Gardens","Jillelguda Village, Balapur Mandal, Hyderabad, Rangareddy, Telangana",500097,Hyderabad,Santosh Nagar,HYD_SAN,"Sy. No. 66,72, Door No 5-340/2, Sudhakar Reddy Gardens, Jillelguda Village, Balapur Mandal, Hyderabad, Rangareddy, Telangana, 500097",500097,BODEGA,,,,,,2025-08-08,
,BODEGA RETAIL PRIVATE LIMITED,BODEGA,Telangana,36,Nacharam,,,,DISTRIBUTION_HUB,ACTIVE,36AAHCB1357R1Z6,13621012000886.0,"Sy. No.32/1, Plot No.1, 8-142, Road No.1, IDA, Nacharam Village","Uppal Municipality, Hyderabad, Medchal Malkajgiri, Telangana",500076,Hyderabad,Nacharam,HYD_NCH,"Sy. No.32/1, Plot No.1, 8-142, Road No.1, IDA, Nacharam Village, Uppal Municipality, Hyderabad, Medchal Malkajgiri, Telangana, 500076",500076,BODEGA,,,,,,2025-08-08,
,BODEGA RETAIL PRIVATE LIMITED,BODEGA,Telangana,36,Gandhi Nagar,,,,DISTRIBUTION_HUB,ACTIVE,36AAHCB1357R1Z6,13622014001249.0,Plot No.35 of the Co-Operative Industrial Estate Ltd,"Gandhinagar Balanagar Hyderabad, Hyderabad, Hyderabad, Telangana",500037,Hyderabad,Gandhi Nagar,HYD_BAL,"Plot No.35 of the Co-Operative Industrial Estate Ltd, Gandhinagar Balanagar Hyderabad, Hyderabad, Hyderabad, Telangana, 500037",500037,BODEGA,,,,,,2025-08-08,
,BODEGA RETAIL PRIVATE LIMITED,BODEGA,Karnataka,29,Airanth,FC-Airanth,AIR,AIR,FULFILLMENT_CENTER,ACTIVE,29AAHCB1357R1Z1,11220303000400.0,"Survey No 87/1,87/2,88/2,88/3,89/1,122, Arihant-Vikrant, Byranahalli Village Kasaba Hobli,","Nelamangala Taluka, Bengaluru Rural, Karnataka",562123,Airanth,,,,,BODEGA,,,,,,2025-08-08,
,BODEGA RETAIL PRIVATE LIMITED,BODEGA,Karnataka,29,Sutlej & Gomati,FC-Sutlej & Gomati,SUT,SUT,FULFILLMENT_CENTER,ACTIVE,29AAHCB1357R1Z1,11220302000775.0,"Survey No. 73, FC- Satlej/FC- Gomati, Harokyathanahalli Village,Dasanapura Hobli","Bangalore North Taluk, Bengaluru North, Bengaluru Rural, Karnataka",562162,Sutlej & Gomati,,,,,BODEGA,,,,,,2025-08-08,
,BODEGA RETAIL PRIVATE LIMITED,BODEGA,Karnataka,29,KML,,,,DISTRIBUTION_HUB,ACTIVE,29AAHCB1357R1Z1,11222302001451.0,"149/2, 350/3, KML-Hub with Jumbotail, behind Hamsa Service, Hosur Road,","Dharmaram College P.O, Bengaluru Urban, Karnataka",560029,Bengaluru,KML,BLR_KML,"149/2, 350/3, KML-Hub with Jumbotail, behind Hamsa Service, Hosur Road, Dharmaram College P.O, Bengaluru Urban, Karnataka, 560029",560029,BODEGA,,,,,,2025-08-08,
,BODEGA RETAIL PRIVATE LIMITED,BODEGA,Karnataka,29,Mysore,,,,DISTRIBUTION_HUB,ACTIVE,29AAHCB1357R1Z1,11223323000123.0,"No 81, Koorgalli Industrial Area","Mysore, Bengaluru Urban, Karnataka,",570018,Mysore,Mysore,MYS_AGR,"No 81, Koorgalli Industrial Area, Mysore, Bengaluru Urban, Karnataka, 570018",570018,BODEGA,,,,,,2025-08-08,
,BODEGA RETAIL PRIVATE LIMITED,BODEGA,Karnataka,29,Hennur,,,,DISTRIBUTION_HUB,ACTIVE,29AAHCB1357R1Z1,11222302000067.0,"Survey No 34/2, Chokkanahalli Village, Yelahanka Hobli","Bengaluru Urban, Karnataka",560064,Bengaluru,Hennur,BLR_HNU,"Survey No 34/2, Chokkanahalli Village, Yelahanka Hobli, Bengaluru Urban, Karnataka,560064",560064,BODEGA,,,,,,2025-08-08,
,BODEGA RETAIL PRIVATE LIMITED,BODEGA,Karnataka,29,KSL,,,,DISTRIBUTION_HUB,ACTIVE,29AAHCB1357R1Z1,11223302000432.0,"145, 100ft Road, BDA BSK 6th Stage Vajarahalli, Bangalore South","Talaghatpura, Bengaluru, Bengaluru Urban, Karnataka",560062,Bengaluru,KSL,BLR_KSL,"145, 100ft Road, BDA BSK 6th Stage Vajarahalli, Bangalore South, Talaghatpura, Bengaluru, Bengaluru Urban, Karnataka, 560062",560062,BODEGA,,,,,,2025-08-08,
,BODEGA RETAIL PRIVATE LIMITED,BODEGA,Karnataka,29,KDL,,,,DISTRIBUTION_HUB,ACTIVE,29AAHCB1357R1Z1,11223302000431.0,"Sy. No. 32/1, Konappana Agrahara, Electronic City","Bangalore South, Bengaluru, Bengaluru Urban, Karnataka",560100,Bengaluru,KDL,BLR_KDL,"Sy. No. 32/1, Konappana Agrahara, Electronic City, Bangalore South, Bengaluru, Bengaluru Urban, Karnataka, 560100",560100,BODEGA,,,,,,2025-08-08,
,BODEGA RETAIL PRIVATE LIMITED,BODEGA,Karnataka,29,BLR_MRT,,,,DISTRIBUTION_HUB,ACTIVE,29AAHCB1357R1Z1,11223302000433.0,"Sy.No.35, Doddanakundi Industrial Area, 2nd Main Road","Behind Graphite Indai/IFB Factory, Bengaluru, Bengaluru Urban, Karnataka",560048,Bengaluru,BLR_MRT,BLR_MRT,"Sy.No.35, Doddanakundi Industrial Area, 2nd Main Road, Behind Graphite Indai/IFB Factory, Bengaluru, Bengaluru Urban, Karnataka, 560048",560048,BODEGA,,,,,,2025-08-08,Wrong address
,BODEGA RETAIL PRIVATE LIMITED,BODEGA,Karnataka,29,Bengaluru,,,,DISTRIBUTION_HUB,ACTIVE,29AAHCB1357R1Z1,,"Sy. No-5/3, Arehalli Village, Attibele Hobli, Anekal Taluk","Bengaluru, Bengaluru Urban, Karnataka",562107,Bengaluru,,BLR_HOSUR,"Sy. No-5/3, Arehalli Village, Attibele Hobli, Anekal Taluk, Bengaluru, Bengaluru Urban, Karnataka, 562107",562107,BODEGA,,,,,,2025-08-08,Madhav
,BODEGA RETAIL PRIVATE LIMITED,BODEGA,Karnataka,29,,,,,UNKNOWN,ACTIVE,29AAHCB1357R1Z1,,Mahimappa Industrial Estate 100 ft Road Jalahalli Cross Road,"Near PIA Bhavan Chokkasandra Peenya 1st Stage, Bengaluru, Bengaluru Urban, Karnataka",560057,,,,,,BODEGA,,,,,,2025-08-08,not applied
,BODEGA RETAIL PRIVATE LIMITED,BODEGA,Karnataka,29,Bengaluru,,,,DISTRIBUTION_HUB,ACTIVE,29AAHCB1357R1Z1,,"Plot No.441, Yeshwanthapura Hobli, Situated in Survey No.88 of Nallakadaranahalli Village","Peenya 4th Phase Industrial Area, Bengaluru, Bengaluru Urban, Karnataka",560058,Bengaluru,,BLR_PNY,"Plot No.441, Yeshwanthapura Hobli, Situated in Survey No.88 of Nallakadaranahalli Village, Peenya 4th Phase Industrial Area, Bengaluru, Bengaluru Urban, Karnataka, 560058",560058,BODEGA,,,,,,2025-08-08,not applied
,,,,,,,,,UNKNOWN,ACTIVE,,,,,,,,,,,,,,,,,2025-08-08,To be applied
